Rank,Stadium,Seating capacity,Region,Country,City,Home team(s),location
1,Rungrado 1st of May Stadium,114000,East Asia,North Korea,Pyongyang,"Korea DPR national football team, Korea DPR women's national football team, April 25","[39.0496732, 125.77532151186813]"
2,Michigan Stadium,107601,North America,United States,"Ann Arbor, Michigan",Michigan Wolverines football,"[42.2658652, -83.74868376764053]"
3,Ohio Stadium,102780,North America,United States,"Columbus, Ohio",Ohio State Buckeyes football,"[40.00164575, -83.01973744224524]"
4,Melbourne Cricket Ground,100024,Oceania,Australia,"Melbourne, Victoria","Australia national cricket team, Victoria cricket team, Melbourne Cricket Club, Melbourne Stars, Melbourne FC, Richmond FC, Collingwood FC, Hawthorn FC","[-37.819908999999996, 144.98322500667754]"
5,Camp Nou,99354,Europe,Spain,"Barcelona, Catalonia",FC Barcelona,"[41.3808046, 2.1158872]"
6,Estadio Azteca,95500,North America,Mexico,Mexico City,"Club América, Cruz Azul, Mexico national football team","[19.302979399999998, -99.1504699525862]"
7,FNB Stadium,94736,Africa,South Africa,"Johannesburg, Gauteng","South Africa national football team, Kaizer Chiefs","[-26.234706250000002, 27.98264390042038]"
8,New Administrative Capital Stadium,93940,Africa,Egypt,New Administrative Capital,Egypt national football team,Location not found
9,Rose Bowl Stadium,92800,North America,United States,"Pasadena, California",UCLA Bruins,"[34.16134915000001, -118.16766739828785]"
10,Cotton Bowl Stadium,92100,North America,United States,"Dallas, Texas",No team,"[32.77961185, -96.7596025290281]"
11,Wembley Stadium,90000,Europe,England,"London, England",England national football team,"[51.55606945, -0.27960339379401444]"
12,Lusail Stadium,88966,West Asia,Qatar,Lusail,Qatar national football team,"[25.42152245, 51.48437320749761]"
13,Bukit Jalil National Stadium,87411,Southeast Asia,Malaysia,Kuala Lumpur,Malaysia national football team[13],"[3.0546755, 101.69136903264581]"
14,Borg el-Arab Stadium,86000,Africa,Egypt,Alexandria,"Egypt national football team, Al Ittihad, Smouha","[30.999469599999998, 29.729432153566332]"
15,Estadio Santiago Bernabéu,85000,Europe,Spain,Madrid,Real Madrid,"[40.4530225, -3.6874219587470445]"
16,Estadio Mâs Monumental,84567,South America,Argentina,Buenos Aires,"Argentina national football team, River Plate","[-34.54529325, -58.44973852292808]"
17,Stadium Australia,83500,Oceania,Australia,"Sydney, New South Wales","South Sydney Rabbitohs, Canterbury-Bankstown Bulldogs, New South Wales Blues, New South Wales Waratahs, Australia men's national soccer team, Australia national rugby union team","[-33.8471082, 151.06338484469373]"
18,MetLife Stadium,82500,North America,United States,"East Rutherford, New Jersey","New York Giants, New York Jets, United States men's national soccer team","[40.81352375, -74.07340074891175]"
19,Croke Park,82300,Europe,Ireland,Dublin,"Gaelic Athletic Association, Dublin GAA","[53.36035755, -6.2509811826224695]"
20,Jakarta International Stadium,82000,Southeast Asia,Indonesia,Jakarta,"Persija Jakarta, Indonesia national football team","[-6.12507475, 106.86020095899971]"
21,Lambeau Field,81441,North America,United States,"Green Bay, Wisconsin",Green Bay Packers,"[44.50095825, -88.06103404376007]"
22,SIGNAL IDUNA PARK,81365,Europe,Germany,Dortmund,Borussia Dortmund,"[51.4924922, 7.451854850900588]"
23,Stade de France,81338,Europe,France,Saint-Denis,France national football team,"[48.924472550000004, 2.3601325226927248]"
24,Grand Sports Arena of the Luzhniki Olympic Complex,81000,Europe,Russia,Moscow,No team,"[55.7157445, 37.553767298728005]"
25,Shah Alam Stadium,80372,Southeast Asia,Malaysia,"Shah Alam, Selangor",Selangor FA,"[3.0806013500000002, 101.54465519922721]"
26,Estadio Monumental,80093,South America,Peru,Lima,Club Universitario de Deportes,"[-12.055647350000001, -76.93533392205805]"
27,Stadio Giuseppe Meazza,80018,Europe,Italy,"Milan, Lombardy",AC Milan and Internazionale,"[45.478200349999995, 9.123963993342393]"
28,Guangdong Olympic Stadium,80012,East Asia,China,"Guangzhou, Guangdong",No team,"[23.13803625, 113.4034296289701]"
29,Hangzhou Olympic Sports Expo Centre Stadium,80000,East Asia,China,"Hangzhou, Zhejiang",No team,"[30.2317101, 120.2254883982873]"
30,AT&T Stadium,80000,North America,United States,"Arlington, Texas","Dallas Cowboys, FC Dallas","[32.74785025, -97.09283370737742]"
31,Stade des Martyrs,80000,Africa,DR Congo,Kinshasa,Congo DR national football team,"[-4.3301897, 15.31036353445758]"
32,Stade Tata Raphaël,80000,Africa,DR Congo,Kinshasa,"AS Vita Club, DC Motema Pembe","[-4.3379266, 15.322629719585613]"
33,National Sports Stadium,80000,Africa,Zimbabwe,Harare,Zimbabwe national football team,"[-17.821414949999998, 30.99507351306328]"
34,Moi International Sports Centre,80000,Africa,Kenya,Nairobi,Kenya national football team,"[-1.2275475, 36.89018198200233]"
35,Beijing National Stadium,80000,East Asia,China,Beijing,No team,"[39.99152275, 116.39028241977488]"
36,Stade Léopold Sédar Senghor,80000,Africa,Senegal,Dakar,"Senegal national football team, ASC Jeanne d'Arc","[14.74677165, -17.451914038718378]"
37,Maracanã,78838,South America,Brazil,"Rio de Janeiro, Rio de Janeiro","CR Flamengo, Fluminense FC, Botafogo FR, CR Vasco da Gama","[-22.912161949999998, -43.23118606002972]"
38,Los Angeles Memorial Coliseum,78467,North America,United States,"Los Angeles, California",USC Trojans,"[34.013915850000004, -118.28779962546673]"
39,Azadi Stadium,78116,West Asia,Iran,Tehran,"Iran national football team, Esteghlal FC, Persepolis FC","[35.7244962, 51.27554872157586]"
40,Stadion Utama Gelora Bung Karno,77193,Southeast Asia,Indonesia,Jakarta,"Indonesia national football team,","[-6.21853605, 106.80263531965792]"
41,Caesar's Superdome,76468,North America,United States,"New Orleans, Louisiana","New Orleans Saints, Sugar Bowl",Location not found
42,Arrowhead Stadium,76412,North America,United States,"Kansas City, Missouri",Kansas City Chiefs,"[39.04894045, -94.48499381102714]"
43,Empower Field,76125,North America,United States,Denver,Denver Broncos,"[39.743952, -105.01922281236835]"
44,Atatürk Olimpiyat Stadyumu,76092,Europe,Turkey,Istanbul,No team,"[41.0744732, 28.76566105174166]"
45,Old Trafford,76000,Europe,England,"Manchester, North West England",Manchester United,Location not found
46,Allianz Arena,75024,Europe,Germany,Munich,FC Bayern Munich,"[48.21880845, 11.624663762591622]"
47,Naghsh-e-Jahan Stadium,75000,West Asia,Iran,Isfahan,Sepahan FC,"[32.742455750000005, 51.68618101216669]"
48,Bank of America Stadium,74867,North America,United States,"Charlotte, North Carolina","Charlotte FC, Carolina Panthers","[35.22579505, -80.85385877910787]"
49,Principality Stadium,74500,Europe,Wales,Cardiff,Wales national rugby union team,"[51.478248449999995, -3.1826255901845633]"
50,Olympiastadion,74475,Europe,Germany,Berlin,Hertha BSC,"[52.5145846, 13.239814417756278]"
51,Cairo International Stadium,74100,Africa,Egypt,Cairo,"Egypt national football team, Al Ahly, Zamalek","[30.069115099999998, 31.31220638047715]"
52,FirstEnergy Stadium,73200,North America,United States,Cleveland,Cleveland Browns,"[41.5060559, -81.69971184525946]"
53,Estádio Nacional Mané Garrincha,72788,South America,Brazil,"Brasília, Distrito Federal","Brasília FC, Legião FC","[-15.783749799999999, -47.8990287459102]"
54,Stadio Olimpico,72698,Europe,Italy,"Rome, Lazio","AS Roma, Lazio","[41.933942349999995, 12.454770497133222]"
55,Nissan Stadium,72327,East Asia,Japan,"Yokohama, Kanagawa","Yokohama F. Marinos, Yokohama Eagles","[35.5099882, 139.60638254387774]"
56,NRG Stadium,72220,North America,United States,"Houston, Texas","Houston Texans, Houston Dynamo FC","[29.6848581, -95.41080145326987]"
57,Shanghai Stadium,72000,East Asia,China,Shanghai,Shanghai Shenhua,"[31.1833432, 121.43737094361052]"
58,M&T Bank Stadium,71008,North America,United States,Baltimore,Baltimore Ravens,"[39.2779734, -76.62266511553918]"
59,Mercedes-Benz Stadium,71000,North America,United States,"Atlanta, Georgia","Atlanta United FC, Atlanta Falcons","[33.7554123, -84.40084932004368]"
60,Cívitas Metropolitano,70460,Europe,Spain,Madrid,Atlético de Madrid,"[40.436052950000004, -3.599715809726445]"
61,Olympic National Sports Complex Stadium,70000,Europe,Ukraine,Kyiv,"Ukraine national football team, FC Dynamo Kyiv","[50.43339675, 30.52301744390926]"
62,SoFi Stadium,70000,North America,United States,"Inglewood, California",No team,"[33.95340735, -118.33900981025587]"
63,Seoul Olympic Stadium,69950,East Asia,South Korea,Seoul,No team,"[37.51586315, 127.07278913760146]"
64,Bakı Olimpiya stadionu,69870,West Asia,Azerbaijan,Baku,Azerbaijan national football team,"[40.429982, 49.91953099830299]"
65,Olympic Stadium,69618,Europe,Greece,"Marousi, Attica",Greece national football team,"[38.0325514, 23.7944433]"
66,Olympiastadion München,69250,Europe,Germany,Munich,No team,"[48.1731314, 11.54647863541194]"
67,Lumen Field,69000,North America,United States,"Seattle, Washington","Seattle Sounders FC, Seattle Seahawks","[47.5953459, -122.33164431196111]"
68,Estadio Olímpico Universitario,68954,North America,Mexico,Mexico City,UNAM Pumas,"[19.33175425, -99.1922849721723]"
69,Gillette Stadium,68756,North America,United States,"Foxborough, Massachusetts","New England Patriots, New England Revolution","[42.091252600000004, -71.2644646105907]"
70,King Abdullah Sports City Stadium,68560,West Asia,Saudi Arabia,Jeddah,"Saudi Arabia national football team, Al-Ahli Saudi FC, Al-Ittihad Saudi Club",Location not found
71,Lincoln Financial Field,68532,North America,United States,Philadelphia,"Philadelphia Eagles, Temple Owls football","[39.9009099, -75.16748915605905]"
72,Levi's Stadium,68500,North America,United States,"Santa Clara, California",San Francisco 49ers,"[37.403158250000004, -121.96983144425579]"
73,Acrisure Stadium,68400,North America,United States,Pittsburgh,"Pittsburgh Steelers, Pittsburgh Panthers football","[40.4467166, -80.01574564331888]"
74,Gazprom Arena,68134,Europe,Russia,Saint Petersburg,FC Zenit Saint Petersburg,"[59.9723766, 30.221060751610707]"
75,Salt Lake Stadium,68000,South Asia,India,Kolkata,"India national football team, Mohun Bagan Super Giant, East Bengal FC, Mohammedan SC","[22.5731115, 88.4030891]"
76,National Stadium,68000,East Asia,Japan,Tokyo,No team,"[35.67785955, 139.71351420013758]"
77,TIAA Bank Field,67814,North America,United States,"Jacksonville, Florida",Jacksonville Jaguars,Location not found
78,Orange Vélodrome,67394,Europe,France,Marseille,Olympique de Marseille,"[43.26983495, 5.395911664099216]"
79,Puskás Aréna,67215,Europe,Hungary,Budapest,Hungary national football team,"[47.50310895, 19.098050892074227]"
80,Scottish Gas Murrayfield Stadium,67144,Europe,Scotland,Edinburgh,Scotland national rugby union team,"[55.94231325, -3.240895092804992]"
81,Lucas Oil Stadium,67000,North America,United States,"Indianapolis, Indiana",Indianapolis Colts,"[39.7590621, -86.16383761053042]"
82,MorumBIS,66975,South America,Brazil,"São Paulo, São Paulo",São Paulo FC,"[-23.59999095, -46.720101747269496]"
83,The Dome,66965,North America,United States,St. Louis,St. Louis BattleHawks,"[38.63285405, -90.18861035237612]"
84,Yadegar-e-Emam Stadium,66833,West Asia,Iran,Tabriz,Tractor Sazi FC,Location not found
85,Seoul World Cup Stadium,66704,East Asia,South Korea,Seoul,FC Seoul,"[37.5683021, 126.89724766470337]"
86,US Bank Stadium,66655,North America,United States,Minneapolis,Minnesota Vikings,"[44.97361545, -93.25746628273055]"
87,Daegu Stadium,66422,East Asia,South Korea,Daegu,Daegu FC,"[35.8297517, 128.6901254233253]"
88,Workers' Stadium,66161,East Asia,China,Beijing,"Beijing Guoan, China national football team","[39.92951015, 116.44099518054804]"
89,London Stadium,66000,Europe,England,London,West Ham United,"[51.53862065, -0.016623759002470637]"
90,Raymond James Stadium,65847,North America,United States,"Tampa, Florida","Tampa Bay Buccaneers, South Florida Bulls football, Tampa Bay Vipers","[27.97597925, -82.50421799673616]"
91,Hard Rock Stadium,65326,North America,United States,"Miami Gardens, Florida","Miami Dolphins, Miami Hurricanes football","[25.95790315, -80.24001919530573]"
92,Olympic Stadium,65255,North America,Canada,"Montreal, Quebec",CF Montréal,"[45.55779835, -73.55164580516643]"
93,Basra International Stadium,65227,West Asia,Iraq,Basra,Iraq national football team,"[30.4399273, 47.7798634136076]"
94,Camping World Stadium,65000,North America,United States,"Orlando, Florida",No team,"[28.5390623, -81.4027485783759]"
95,Alamodome,65000,North America,United States,San Antonio,UTSA Roadrunners football,"[29.4168923, -98.47889487569296]"
96,Ford Field,65000,North America,United States,Detroit,Detroit Lions,"[42.33995675, -83.04561657403696]"
97,Stade Ibn Battuta,65000,Africa,Morocco,Tangier,IR Tanger,"[35.74124485, -5.858075642406442]"
98,Estádio do Sport Lisboa e Benfica,64642,Europe,Portugal,Lisbon,Benfica,"[38.7526893, -9.184689881825172]"
99,Stade du 5-juillet-1962,64000,Africa,Algeria,Algiers,Algeria national football team,"[36.75951425, 2.9952724128175774]"
100,Castelão,63903,South America,Brazil,"Fortaleza, Ceará","Ceará SC, Fortaleza EC","[-3.80674195, -38.52167940726448]"
101,Saitama Stadium 2002,63700,East Asia,Japan,Saitama,"Urawa Red Diamonds, Saitama Wild Knights","[35.90308, 139.7168256210814]"
102,Ellis Park Stadium,62567,Africa,South Africa,"Johannesburg, Gauteng","Orlando Pirates FC, Emirates Johannesburg Lions","[-26.197478850000003, 28.06076823792536]"
103,Tottenham Hotspur Stadium,62303,Europe,England,London,Tottenham Hotspur,"[51.604157, -0.0662604100000004]"
104,VELTINS-Arena,62271,Europe,Germany,Gelsenkirchen,FC Schalke 04,"[51.55459375, 7.06760006899412]"
105,Yizhong Sports Centre Stadium,62000,East Asia,China,"Qingdao, Shandong",Qingdao Jonoon FC,Location not found
106,Estádio Governador Magalhães Pinto,61846,South America,Brazil,"Belo Horizonte, Minas Gerais","Atlético Mineiro, Cruzeiro EC","[-19.865911500000003, -43.971043404332164]"
107,King Fahd International Stadium,61781,West Asia,Saudi Arabia,Riyadh,"Saudi Arabia national football team, Al-Hilal, Al-Nassr, Al-Shabab","[24.7885806, 46.83914486009958]"
108,Soldier Field,61500,North America,United States,Chicago,Chicago Bears,"[41.8623356, -87.61764770075143]"
109,Nanjing Olympic Sports Centre Stadium,61443,East Asia,China,"Nanjing, Jiangsu",No team,"[32.010682450000004, 118.71975425408809]"
110,Anfield,61276,Europe,England,"Liverpool, England",Liverpool FC,"[53.43091645, -2.9609313526360888]"
111,Estadio Benito Villamarín,60720,Europe,Spain,Seville,Real Betis,"[37.356535449999996, -5.981756556248882]"
112,Abuja Stadium,60491,Africa,Nigeria,Abuja,Nigeria national football team,"[9.0459078, 7.4517158]"
113,MHPArena,60469,Europe,Germany,Stuttgart,VfB Stuttgart,"[48.79224875, 9.232085699979091]"
114,Celtic Park,60411,Europe,Scotland,Glasgow,Celtic FC,"[55.85018145, -4.2068226877121955]"
115,Estadio de la UNSA,60370,South America,Peru,Arequipa,FBC Melgar,"[-16.4073043, -71.52046853862656]"
116,Emirates Stadium,60338,Europe,England,London,Arsenal,"[51.55504035, -0.1083996708672374]"
117,Shenzhen Universiade Sports Centre Stadium,60334,East Asia,China,"Shenzhen, Guangdong",No team,"[22.6969481, 114.21233392711093]"
118,Estadio Centenario,60235,South America,Uruguay,Montevideo,Uruguay national football team,"[-34.89453925, -56.15268409413207]"
119,Estádio José do Rego Maciel,60044,South America,Brazil,"Recife, Pernambuco",Santa Cruz FC,"[-8.0268093, -34.8911966744522]"
120,Al-Bayt Stadium,60000,West Asia,Qatar,Al-Khor,No team,"[25.6521339, 51.487805473145755]"
121,Benjamin Mkapa National Stadium,60000,Africa,Tanzania,Dar es-Salaam,"Tanzania national football team, Young Africans","[-6.8535746500000005, 39.273293473702665]"
122,Hefei Olympic Sports Centre Stadium,60000,East Asia,China,"Hefei, Anhui",Anhui Jiufang,"[31.797877, 117.22261203081261]"
123,Jaber al-Ahmad International Stadium,60000,West Asia,Kuwait,Kuwait City,Kuwait national football team,Location not found
124,Hammadi Agrebi Stadium,60000,Africa,Tunisia,Tunis,Tunisia national football team,"[36.747771650000004, 10.273139986223581]"
125,Jawaharlal Nehru Stadium,60000,South Asia,India,New Delhi,No team,Location not found
126,Mogadishu Stadium,60000,Africa,Somalia,Mogadishu,Somalia national football team,"[2.06746715, 45.33546478903332]"
127,National Heroes Stadium,60000,Africa,Zambia,Lusaka,Zambian national football team,"[-15.369506699999999, 28.27374202223445]"
128,Autzen Stadium,60000,North America,United States,"Eugene, Oregon",No team,"[44.058217799999994, -123.0684379319035]"
129,Odi Stadium,60000,Africa,South Africa,"Mabopane, Gauteng",No team,Location not found
130,Morodok Techo National Stadium,60000,Southeast Asia,Cambodia,Phnom Penh,Cambodia national football team,"[11.68297715, 104.87630782752696]"
131,Shenyang Olympic Sports Centre Stadium,60000,East Asia,China,"Shenyang, Liaoning",No team,"[41.73911265, 123.45744203075556]"
132,Optus Stadium,60000,Oceania,Australia,"Perth, Western Australia","Perth Glory FC, Fremantle Dockers, West Coast Eagles",Location not found
133,Estadio Monumental Isidro Romero Carbo,59283,South America,Ecuador,Guayaquil,Barcelona Sporting Club,"[-2.1858223499999996, -79.92497004648283]"
134,Groupama Stadium,59186,Europe,France,Décines-Charpieu,Olympique Lyonnais,"[45.7653624, 4.9820543110736715]"
135,Chongqing Olympic Sports Centre Stadium,58680,East Asia,China,Chongqing,No team,"[29.52863975, 106.50216028949413]"
136,Kazimierz Górski National Stadium,58580,Europe,Poland,Warsaw,Poland national football team,Location not found
137,Stadio San Nicola,58270,Europe,Italy,"Bari, Apulia",SSC Bari,"[41.0847276, 16.840084897844584]"
138,Commanders Field,58000,North America,United States,"Landover, Maryland",Washington Commanders,"[38.9077002, -76.86332608690218]"
139,Deutsche Bank Park,58000,Europe,Germany,Frankfurt,Eintracht Frankfurt,"[50.068610250000006, 8.645415384241646]"
140,Estadio La Cartuja de Sevilla,57619,Europe,Spain,Seville,No team,"[37.41723525, -6.004613361716357]"
141,Carter–Finley Stadium,57583,North America,United States,"Raleigh, North Carolina",NC State Wolfpack football,"[35.800846449999995, -78.71960451582763]"
142,Estadio Alberto J. Armando,57200,South America,Argentina,Buenos Aires,CA Boca Juniors,"[-34.63551715, -58.364916326853375]"
143,Volksparkstadion,57030,Europe,Germany,Hamburg,Hamburger SV,"[53.5871535, 9.898705553686273]"
144,Estadio Mario Alberto Kempes,57000,South America,Argentina,Córdoba,"Talleres de Córdoba, some Belgrano de Córdoba matches.","[-31.368846849999997, -64.24614507921008]"
145,Jinan Olympic Sports Centre Stadium,56808,East Asia,China,"Jinan, Shandong",Shandong Taishan,"[36.65637625, 117.11023219400708]"
146,Estadio Jalisco,56713,North America,Mexico,"Guadalajara, Jalisco",Atlas,"[20.70477005, -103.32768461889556]"
147,Commonwealth Stadium,56302,North America,Canada,"Edmonton, Alberta","Edmonton Elks, Canadian men's and women's national teams","[53.55970035, -113.47764750194395]"
148,Dodger Stadium,56000,North America,United States,Los Angeles,Los Angeles Dodgers,"[34.0736263, -118.23897581574036]"
149,Stade du 19-mai-1956,56000,Africa,Algeria,Annaba,USM Annaba,"[36.885860300000004, 7.733074727438258]"
150,Estadi Olímpic Lluís Companys,55926,Europe,Spain,"Barcelona, Catalonia",No team,"[41.36472, 2.155645096956145]"
151,Arena do Grêmio,55662,South America,Brazil,"Porto Alegre, Rio Grande do Sul",Grêmio FBPA,"[-29.974042949999998, -51.195107349371696]"
152,Arena Națională,55634,Europe,Romania,Bucharest,Romania national football team,"[44.439534, 26.1503626]"
153,Stadion Rajko Mitić,55538,Europe,Serbia,Belgrade,"Red Star Belgrade, Serbia national football team","[44.78322025, 20.464675050883898]"
154,Stadion Śląski,55211,Europe,Poland,Chorzów,"Poland national football team, Ruch Chorzów","[50.28824565, 18.973499319484034]"
155,Etihad Stadium,55097,Europe,England,"Manchester, North West England",Manchester City,Location not found
156,Mestalla,55000,Europe,Spain,Valencia,Valencia CF,"[39.4745279, -0.35815663617491666]"
157,National Stadium,55000,Southeast Asia,Singapore,Singapore,Singapore national football team,"[1.30449095, 103.87434371851725]"
158,National Stadium,55000,East Asia,Taiwan,Kaohsiung,Chinese Taipei national football team,"[22.70285345, 120.29363310033875]"
159,He Long Stadium,55000,East Asia,China,"Changsha, Hunan",No team,"[28.181759, 112.97738969646085]"
160,Cape Town Stadium,55000,Africa,South Africa,"Cape Town, Western Cape","Cape Town City FC, DHL Western Cape Stormers","[-33.903460100000004, 18.411145824940803]"
161,Plovdiv Stadium,55000,Europe,Bulgaria,Plovdiv,No team,"[42.14970905, 24.7198409279892]"
162,Bobby Dodd Stadium,55000,North America,United States,Atlanta,Georgia Tech Yellow Jackets football,"[33.772476, -84.39295889500981]"
163,Johan Cruijff Arena,54990,Europe,Netherlands,Amsterdam,AFC Ajax,"[52.314353049999994, 4.942843089053988]"
164,Tianhe Stadium,54856,East Asia,China,"Guangzhou, Guangdong",No team,"[23.1405033, 113.3193596628767]"
165,Stadio Diego Armando Maradona,54726,Europe,Italy,Naples,SSC Napoli,"[40.82797725, 14.192888963935296]"
166,Tianjin Olympic Sports Centre Stadium,54696,East Asia,China,Tianjin,Tianjin Teda,Location not found
167,MERKUR SPIEL-ARENA,54600,Europe,Germany,Düsseldorf,Fortuna Düsseldorf,"[51.261629049999996, 6.73315161013141]"
168,Boris Paitchadze Dinamo Arena,54549,West Asia,Georgia,Tbilisi,"Georgia national football team, FC Dinamo Tbilisi","[41.72302845, 44.78979426716354]"
169,Wuhan Sports Centre Stadium,54357,East Asia,China,"Wuhan, Hubei",No team,"[30.50246795, 114.16612807957725]"
170,BC Place Stadium,54320,North America,Canada,"Vancouver, British Columbia","Vancouver Whitecaps FC, BC Lions","[49.2770655, -123.1095645]"
171,Yankee Stadium,54251,North America,United States,New York City,"New York Yankees, New York City FC","[40.82958275, -73.92652118491901]"
172,Hrazdan Stadium,54208,West Asia,Armenia,Yerevan,"FC Ararat Yerevan, Ulisses FC","[40.18036705, 44.494672292188596]"
173,BORUSSIA-PARK,54057,Europe,Germany,Mönchengladbach,Borussia Mönchengladbach,"[51.174624949999995, 6.385409367871812]"
174,Moses Mabhida Stadium,54000,Africa,South Africa,"Durban, KwaZulu-Natal","AmaZulu FC, Cell C Durban Sharks","[-29.8290201, 31.03137408601279]"
175,Busan Asiad Main Stadium,53864,East Asia,South Korea,Busan,Busan IPark,"[35.1900767, 129.05954814285263]"
176,Estádio Estadual Jornalista Edgar Augusto Proença,53645,South America,Brazil,"Belém, Pará","Paysandu SC, Clube do Remo, Tuna Luso Brasileira, SC Belem","[-1.3811727, -48.44393180727559]"
177,Estadio Único Diego Armando Maradona,53600,South America,Argentina,La Plata,No team,"[-34.913840750000006, -57.989047624769114]"
178,Adelaide Oval,53500,Oceania,Australia,"Adelaide, South Australia","Adelaide Crows, Port Adelaide Powers","[-34.9155596, 138.59627721943045]"
179,Docklands Stadium,53359,Oceania,Australia,"Melbourne, Victoria","Western Bulldogs, Essendon, St. Kilda, Carlton, North Melbourne","[-37.816529, 144.94751697668812]"
180,Estádio Municipal João Havelange,53350,South America,Brazil,"Uberlândia, Minas Gerais",Uberlânia EC,Location not found
181,San Mamés,53332,Europe,Spain,Bilbao,Athletic Bilbao,"[43.26420400000001, -2.94939145292929]"
182,Aleppo International Stadium,53200,West Asia,Syria,Aleppo,Al-Ittihad,"[36.1849318, 37.11764183655198]"
183,Estadio Nacional,53086,South America,Peru,Lima,Peru national football team,"[-12.0673803, -77.03378302724295]"
184,Huanglong Stadium,52672,East Asia,China,"Hangzhou, Zhejiang",Hangzhou FC,Location not found
185,RAMS Park,52652,Europe,Turkey,Istanbul,Galatasaray,"[41.10342555, 28.99103795029205]"
186,Suncorp Stadium,52500,Oceania,Australia,"Brisbane, Queensland","Brisbane Broncos, Queensland Maroons, Brisbane Roar FC, Queensland Reds","[-27.46486025, 153.0096055]"
187,St. James' Park,52405,Europe,England,"Newcastle upon Tyne, North East",Newcastle United,Location not found
188,Kings Park Stadium,52000,Africa,South Africa,"Durban, KwaZulu-Natal","Lamontville Golden Arrows, Cell C Durban Sharks","[-29.824805050000002, 31.028973520139886]"
189,Newlands Stadium,51900,Africa,South Africa,"Cape Town, Western Cape",No team,"[-33.970522599999995, 18.46856262554025]"
190,Hampden Park,51866,Europe,Scotland,Glasgow,"Scotland national football team, Queen's Park","[55.82601405, -4.251927072450821]"
191,Estadio Monumental de Maturín,51796,South America,Venezuela,Maturín,Monagas Sport Club,Location not found
192,Loftus Versfeld Stadium,51762,Africa,South Africa,"Pretoria, Gauteng",SuperSport United and Vodacom Pretoria Bulls,"[-25.753234749999997, 28.22293274766396]"
193,Aviva Stadium,51700,Europe,Ireland,Dublin,"Leinster Rugby, Republic of Ireland national football team, Ireland national rugby union team","[53.3352254, -6.2281850790431115]"
194,Guiyang Olympic Sports Centre Stadium,51638,East Asia,China,"Guiyang, Guizhou",No team,"[26.6206664, 106.605846725]"
195,Hohhot City Stadium,51632,East Asia,China,"Hohhot, Inner Mongolia",No team,"[40.85113965, 111.65046250528356]"
196,Rajamangala National Stadium,51552,Southeast Asia,Thailand,Bangkok,Thailand national football team,"[13.75542905, 100.62215594572871]"
197,Donbass Arena,51504,Europe,Ukraine,Donetsk,No team,"[48.02110375, 37.809053135828854]"
198,Estadio Presidente Juan Domingo Perón,51389,South America,Argentina,Avellaneda,Racing Club de Avellaneda,"[-34.66756475, -58.368504739316464]"
199,İzmir Atatürk Stadyumu,51295,West Asia,Turkey,İzmir,"Altay SK, Göztepe AŞ","[38.434983450000004, 27.17801135]"
200,Stadion Feijenoord,51117,Europe,Netherlands,Rotterdam,Feyenoord,"[51.8938646, 4.523228129966229]"
201,Estadio BBVA,51000,North America,Mexico,Monterrey,CF Monterrey,Location not found
202,Ghadir Stadium,51000,West Asia,Iran,Ahvaz,Foolad FC,Location not found
203,Estádio José Pinheiro Borda,50942,South America,Brazil,Porto Alegre. Rio Grande do Sul,SC Internacional,"[-30.0654898, -51.23491778159686]"
204,Ibrox Stadium,50817,Europe,Scotland,Glasgow,Rangers FC,"[55.85322065, -4.309323914605736]"
205,Shizuoka Stadium,50889,East Asia,Japan,"Fukuroi, Shizuoka","Júbilo Iwata, Shimizu S-Pulse, Shizuoka Blue Revs","[34.74343045, 137.97072889535485]"
206,Ernst-Happel-Stadion,50865,Europe,Austria,Vienna,Austria national football team,"[48.20718935, 16.420917065669776]"
207,Huntington Bank Stadium,50805,North America,United States,Minneapolis,Minnesota Golden Gophers football,"[44.97653965, -93.2231906824895]"
208,Estadio Cuauhtémoc,50754,North America,Mexico,Puebla,Puebla FC,"[19.077983250000003, -98.16433751006463]"
209,Strawberry Arena,50653,Europe,Sweden,Solna,"Sweden men's national football team, AIK Fotboll","[59.37250385, 18.00166723894346]"
210,Ülker Stadyumu,50509,West Asia,Turkey,Istanbul,Fenerbahçe,"[40.98758065, 29.03697729928941]"
211,Stanford Stadium,50424,North America,United States,"Palo Alto, California",No team,Location not found
212,Stade Pierre-Mauroy,50186,Europe,France,Villeneuve-d'Ascq,Lille OSC,"[50.61190435, 3.1305079515303946]"
213,Stade Roi Baudouin,50122,Europe,Belgium,Brussels,Belgium national football team,"[50.89572205, 4.334127921935032]"
214,Shaanxi Province Stadium,50100,East Asia,China,"Xi'an, Shaanxi",No team,"[34.234054150000006, 108.93658257992172]"
215,Ajinomoto Stadium,50100,East Asia,Japan,"Chofu, Tokyo","FC Tokyo, Tokyo Verdy, Tokyo Sungoliath, Toshiba Brave Lupus Tokyo","[35.66418645, 139.52707517816015]"
216,Estádio José Alvalade,50095,Europe,Portugal,Lisbon,Sporting CP,"[38.761216399999995, -9.160783134674658]"
217,Estádio do Dragão,50033,Europe,Portugal,Porto,FC Porto,"[41.161823549999994, -8.583749198495163]"
218,Casa de Apostas Arena Fonte Nova,50025,South America,Brazil,"Salvador, Bahia",EC Bahia,"[-12.97888575, -38.503482173027365]"
219,Stade Olympique de Sousse,50000,Africa,Tunisia,Sousse,Étoile du Sahel,"[35.82349385, 10.613512133624287]"
220,RheinEnergieSTADION,50000,Europe,Germany,Cologne,1. FC Köln,"[50.933505499999995, 6.875116740301886]"
221,Harbin Sports City Centre Stadium,50000,East Asia,China,"Harbin, Heilongjiang",No team,Location not found
222,Greenfield International Stadium,50000,South Asia,India,Trivandrum,No team,"[8.5714901, 76.88440346927736]"
223,EMS Stadium,50000,South Asia,India,Kozhikode,"India national football team, Gokulam Kerala FC","[11.2563999, 75.78562514924866]"
224,KD Singh Babu Stadium,50000,South Asia,India,Lucknow,No team,"[26.8539449, 80.9368084]"
225,Eden Park,50000,Oceania,New Zealand,Auckland,"Auckland Blues, New Zealand Warriors","[-36.8750352, 174.7440567126547]"
226,Estádio 11 de Novembro,50000,Africa,Angola,Luanda,"Angola national football team, Primeiro de Agosto, Petro Luanda","[-8.96992095, 13.283531084692665]"
227,Henan Provincial Stadium,50000,East Asia,China,"Zhengzhou, Henan",No team,"[34.83750225, 113.6228539022892]"
228,Jiangxi Olympic Sports Center,50000,East Asia,China,"Nanchang, Jiangxi",No team,Location not found
229,Max-Morlock-Stadion,50000,Europe,Germany,Nuremberg,1. FC Nürnberg,"[49.426256949999996, 11.125670595735157]"
230,June 11 Stadium,50000,Africa,Libya,Tripoli,"Libya, Al-Ahly SC, Al-Ittihad Tripoli, Al-Madina SC","[32.859905749999996, 13.135900047303338]"
231,Xinjiang Sports Centre Stadium,50000,East Asia,China,"Urumqi, Xinjiang",No team,"[43.87900405, 87.55947839585227]"
232,Kim Il-sung Stadium,50000,East Asia,North Korea,Pyongyang,Pyongyang City Sports Club,"[39.04385845, 125.75773772090233]"
233,EDION Stadium Hiroshima,50000,East Asia,Japan,Hiroshima,Sanfrecce Hiroshima,"[34.4407675, 132.39321828072832]"
234,Pars Shiraz Stadium,50000,West Asia,Iran,Shiraz,Fajr Sepasi Shiraz FC,Location not found
235,Stade du 26 mars,50000,Africa,Mali,Bamako,Stade Malien,"[12.6043766, -7.921737394539251]"
236,Stade Abdoulaye Wade,50000,Africa,Senegal,Dakar,Senegal national football team,"[14.73275715, -17.20149234388834]"
237,Sultan Mizan Zainal Abidin Stadium,50000,Southeast Asia,Malaysia,Kuala Terengganu,Terengganu FA,"[5.369713450000001, 103.10568116031331]"
238,Estadio Akron,49850,North America,Mexico,Guadalajara,C.D. Guadalajara,"[20.7017298, -103.32777777898025]"
239,Levy Mwanawasa Stadium,49800,Africa,Zambia,Lusaka,Zesco United,Location not found
240,Fritz-Walter-Stadion,49780,Europe,Germany,Kaiserslautern,1. FC Kaiserslautern,"[49.4345765, 7.7766302915876775]"
241,Estadio José Amalfitani,49540,South America,Argentina,Buenos Aires,CA Vélez Sársfield,"[-34.6353382, -58.520678812977806]"
242,Camille Chamoun Sports City Stadium,49500,West Asia,Lebanon,Beirut,"Lebanon national football team, Al Ahed FC, Al Ansar FC, Nejmeh SC","[33.86707815, 35.49511761682578]"
243,Miyagi Stadium,49133,East Asia,Japan,"Rifu, Miyagi",Vegalta Sendai,"[38.3353606, 140.95045670397792]"
244,Incheon Munhak Stadium,49084,East Asia,South Korea,Incheon,No team,"[37.4350773, 126.69075155692887]"
245,Heinz-von-Heiden-Arena,49000,Europe,Germany,Hanover,Hannover 96,"[52.36002595, 9.731016050053142]"
246,Parc des Princes,48712,Europe,France,Paris,Paris Saint-Germain,"[48.841363400000006, 2.2530693162378235]"
247,Stadium of Light,48707,Europe,England,"Sunderland, Tyne and Wear",Sunderland AFC,Location not found
248,Estadio Nacional,48665,South America,Chile,Santiago,"Chile national football team, CF Universidad de Chile","[-33.4623798, -70.6061945]"
249,Nelson Mandela Bay Stadium,48459,Africa,South Africa,"Port Elizabeth, Eastern Cape",Chippa United FC,"[-33.93779205, 25.599408729036078]"
250,Estadio Tomás Adolfo Ducó,48314,South America,Argentina,Buenos Aires,CA Huracán,"[-34.64306605, -58.3967982638587]"
251,Jinnah Sports Stadium,48200,South Asia,Pakistan,Islamabad,Pakistan national football team,"[33.7004059, 73.09286037357924]"
252,Estadio Libertadores de América,48069,South America,Argentina,Avellaneda,Club Atlético Independiente,"[-34.6702227, -58.37103780889193]"
253,Free State Stadium,48000,Africa,South Africa,"Bloemfontein, Free State","Bloemfontein Celtic, Toyota Cheetahs","[-29.117235100000002, 26.20876956700543]"
254,Nagai Stadium,47816,East Asia,Japan,Osaka,"Cerezo Osaka, NTT DoCoMo Red Hurricanes Osaka","[34.61410635, 135.51851097237665]"
255,Neo Química Arena,47605,South America,Brazil,"São Paulo, São Paulo",Corinthians,"[-23.5452934, -46.474286436433154]"
256,Rogers Centre,47568,North America,Canada,"Toronto, Ontario","Toronto FC, Toronto Argonauts","[43.641659849999996, -79.38919761915824]"
257,Estadio Monumental,47347,South America,Chile,Santiago,Colo-Colo,"[-33.50643725, -70.60594681068619]"
258,Stadio Artemio Franchi,47282,Europe,Italy,Florence,ACF Fiorentina,"[43.78088375, 11.282819064944935]"
259,Estadio Ciudad de Lanús – Néstor Díaz Pérez,47027,South America,Argentina,Lanús,CA Lanús,"[-34.71765845, -58.38395616411901]"
260,Estadio Metropolitano Roberto Meléndez,46788,South America,Colombia,Barranquilla,"Colombia national football team, Atlético Junior","[10.9269548, -74.80051110893285]"
261,Estádio Olímpico Nilton Santos,46831,South America,Brazil,"Rio de Janeiro, Rio de Janeiro",Botafogo FR,"[-22.893194, -43.29356908690929]"
262,Itaipava Arena Pernambuco,46154,South America,Brazil,"São Lourenço da Mata, Pernambuco",Náutico,"[-8.04072965, -35.0082334311598]"
263,Arena MRV,46000,South America,Brazil,"Belo Horizonte, Minas Gerais",C Atlético Mineiro,"[-19.9300116, -44.01388130198211]"
264,Estádio Paulo Constantino,45954,South America,Brazil,"Presidente Prudente, São Paulo",Grêmio Prudente,"[-22.098568, -51.415062142450765]"
265,Estadio Atanasio Girardot,45739,South America,Colombia,Medellín,"Atlético Nacional, Independiente Medellín","[6.2568266999999995, -75.59014673355895]"
266,Estadio Ramón Sánchez Pizjuán,45500,Europe,Spain,Seville,Sevilla FC,"[37.3840876, -5.970630902457186]"
267,Adrar Stadium,45480,Africa,Morocco,Agadir,Hassania Agadir,"[30.4274409, -9.54025399460571]"
268,Lukoil Arena,45360,Europe,Russia,Moscow,Spartak Moscow,"[55.81758845, 37.440609927920065]"
269,Grand stade de Marrakech,45240,Africa,Morocco,Marrakesh,Kawkab Marrakech,"[31.707014299999997, -7.980359]"
270,Mandela National Stadium,45202,Africa,Uganda,Kampala,Uganda national football team,Location not found
271,Tarczyński Arena Wrocław,45105,Europe,Poland,Wrocław,Śląsk Wrocław,"[51.141186149999996, 16.943806687526074]"
272,Kazan Arena,45105,Europe,Russia,Kazan,Rubin Kazan,"[55.7781118, 49.1316313]"
273,Estadio Inca Garcilaso de la Vega,45056,South America,Peru,Cusco,"CS Cienciano, Deportivo Garcilaso, Cusco FC","[-13.5255188, -71.96647608840082]"
274,Estádio da Machava,45000,Africa,Mozambique,Maputo,Mozambique national football team,"[-25.9174099, 32.52637884727005]"
275,Stadion Gelora Bung Tomo,45000,Southeast Asia,Indonesia,"Surabaya, East Java",Persebaya Surabaya,"[-7.2230647, 112.622833]"
276,Stadion Harapan Banga,45000,Southeast Asia,Indonesia,"Banda Aceh, Aceh","Persiraja, Aceh United",Location not found
277,Estadio General Pablo Rojas,45000,South America,Paraguay,Asunción,Club Cerro Porteño,"[-25.2999926, -57.637655818084326]"
278,Stade Mohammed V,45000,Africa,Morocco,Casablanca,"Wydad, Raja",Location not found
279,Latakia Sports City Stadium,45000,West Asia,Syria,Latakia,No team,"[35.560638, 35.744427]"
280,Zibo Sports Centre Stadium,45000,East Asia,China,"Zibo, Shandong",No team,"[36.8132476, 117.98283842091442]"
281,Weifang Sports Centre Stadium,45000,East Asia,China,"Weifang, Shandong",No team,"[36.729047550000004, 119.06309827876231]"
282,Yantai Sports Park Stadium,45000,East Asia,China,"Yantai, Shandong",No team,"[37.462892, 121.4535599361259]"
283,Stadium Tuanku Abdul Rahman,45000,Southeast Asia,Malaysia,Seremban,"ATM FA, Negeri Sembilan","[2.72623985, 101.98261766370348]"
284,Stade du Complexe sportif de Fès,45000,Africa,Morocco,Fes,"Wydad de Fès, Maghreb de Fès","[34.00272, -4.968961820296855]"
285,Lagos National Stadium,45000,Africa,Nigeria,Lagos,Nigeria national football team,"[6.49714245, 3.364988038941034]"
286,Egyptian Army Stadium,45000,Africa,Egypt,Suez,No team,Location not found
287,Toyota Stadium,45000,East Asia,Japan,"Toyota City, Aichi","Nagoya Grampus, Toyota Verblitz",Location not found
288,Zayed Sports City Stadium,45000,West Asia,United Arab Emirates,Abu Dhabi,No team,"[24.416128649999997, 54.453630022086614]"
289,Red Bull Arena,44345,Europe,Germany,Leipzig,RB Leipzig,"[51.34570785, 12.348236086993243]"
290,Estádio Governador Alberto Tavares Silva,44200,South America,Brazil,Teresina,"River AC, EC Flamengo, Piauí EC, SE Tiradentes, Auto EC","[-5.1161379, -42.79287199311419]"
291,Estádio Universitário Pedro Pedrossian,44200,South America,Brazil,"Campo Grande, Mato Grosso do Sul","EC Comercial, Operário FC",Location not found
292,Ulsan Munsu Football Stadium,44102,East Asia,South Korea,Ulsan,Ulsan HD FC,"[35.53526295, 129.25949485092747]"
293,Arena Pantanal,44097,South America,Brazil,"Cuiabá, Mato Grosso","Cuiabá, Mixto EC","[-15.604064900000001, -56.12229888998701]"
294,Arena da Amazônia,44000,South America,Brazil,"Manaus, Amazonas",Nacional FC,"[-3.0831131999999997, -60.02800518494965]"
295,Suwon World Cup Stadium,43959,East Asia,South Korea,Suwon,Suwon Samsung Bluewings,"[37.2864084, 127.03680502041217]"
296,Stadion Utama Riau,43923,Southeast Asia,Indonesia,"Pekanbaru, Riau",PSPS Pekanbaru,"[0.4834884, 101.3899056]"
297,Allianz Parque,43713,South America,Brazil,"São Paulo, São Paulo",SE Palmeiras,"[-23.52749715, -46.67852807811731]"
298,Shandong Provincial Stadium,43700,East Asia,China,"Jinan, Shandong",No team,"[36.64647655, 117.00578462249345]"
299,Polsat Plus Arena Gdańsk,43615,Europe,Poland,Gdańsk,Lechia Gdańsk,"[54.38991925, 18.640399984268907]"
300,Estadio Pedro Bidegain,43494,South America,Argentina,Buenos Aires,CA San Lorenzo de Almagro,"[-34.6520812, -58.44004466438956]"
301,Stadion Miejski w Poznaniu,43269,Europe,Poland,Poznań,"Lech Poznań, Warta Poznań",Location not found
302,Vasil Levski National Stadium,43230,Europe,Bulgaria,Sofia,Bulgaria national football team,"[42.6875707, 23.335243058604338]"
303,Estadio Universidad San Marcos,43000,South America,Peru,Lima,Deportivo Universidad San Marcos,Location not found
304,Ullevi,43000,Europe,Sweden,Gothenburg,Sweden women's national football team,"[57.705919699999995, 11.987327598897291]"
305,Jinzhou Binhai Sports Centre Stadium,43000,East Asia,China,Jinzhou,No team,"[40.8723509, 121.06440405311713]"
306,Estadio General Santander,42901,South America,Colombia,Cúcuta,Cúcuta Deportivo,"[7.894662650000001, -72.50185252029048]"
307,Villa Park,42682,Europe,England,"Birmingham, West Midlands",Aston Villa,"[52.5091264, -1.8850354312212985]"
308,Perak Stadium,42500,Southeast Asia,Malaysia,Perak,Perak FA,"[4.6094268, 101.10354521874646]"
309,Jeonju World Cup Stadium,42477,East Asia,South Korea,Jeonju,Jeonbuk Hyundai Motors FC,"[35.867807400000004, 127.06458906981494]"
310,Ligga Arena,42372,South America,Brazil,"Curitiba, Paraná",Athletico Paranaense,"[-25.44829025, -49.27693797169357]"
311,Weserstadion,42358,Europe,Germany,Bremen,SV Werder Bremen,"[53.06644785, 8.83767181513466]"
312,Denka Big Swan Stadium,42300,East Asia,Japan,"Niigata, Niigata",Albirex Niigata,"[37.88257595, 139.05915840743222]"
313,Estadio Olimpico Metropolitano de Mérida,42200,South America,Venezuela,Mérida,Estudiantes de Mérida,"[8.55586575, -71.21799652527476]"
314,Daejeon World Cup Stadium,42176,East Asia,South Korea,Daejeon,Daejeon Citizen,"[36.36525335, 127.32510742291791]"
315,Matmut ATLANTIQUE,42115,Europe,France,Bordeaux,FC Girondins de Bordeaux,"[44.89735695, -0.5616058309417205]"
316,Helsingin Olympiastadion,42062,Europe,Finland,Helsinki,Finland national football team,"[60.1870012, 24.927250936847415]"
317,Estádio Serra Dourada,42000,South America,Brazil,"Goiânia, Goiás","Goiás Esporte Clube, Vila Nova, Atlético Goianiense","[-16.6991028, -49.23414203670745]"
318,Estadio Deportivo Cali,42000,South America,Colombia,Cali,Deportivo Cali,Location not found
319,Estadio Modelo Alberto Spencer,42000,South America,Ecuador,Guayaquil,"Club Sport Patria, Club Deportivo Everest, Panamá Sporting Club, Rocafuerte Fútbol Club","[-2.1789233, -79.89435376717735]"
320,Estádio do Zimpeto,42000,Africa,Mozambique,Maputo,Mozambique national football team,"[-25.827653650000002, 32.574981115271044]"
321,Chengdu Sports Centre Stadium,42000,East Asia,China,"Chengdu, Sichuan",No team,"[30.5732276, 103.89364083963076]"
322,Royal Bafokeng Stadium,42000,Africa,South Africa,"Phokeng, North West",No team,"[-25.57877625, 27.160920449845975]"
323,Estadio Universitario,42000,North America,Mexico,San Nicolás de los Garza,Tigres de la UANL,"[25.722606650000003, -100.31198629307636]"
324,Estadio Brigadier General Estanislao López,42000,South America,Argentina,Santa Fe,Club Atlético Colón,"[-31.6632166, -60.72524645483088]"
325,Estadio Marcelo Bielsa,42000,South America,Argentina,Rosario,Newell's Old Boys,"[-32.9561671, -60.66137086404959]"
326,Stade Geoffroy-Guichard,41965,Europe,France,Saint-Étienne,AS Saint-Étienne,"[45.46075665, 4.390093207379497]"
327,Vodafone Park,41903,Europe,Turkey,Istanbul,Beşiktaş J.K.,Location not found
328,Peter Mokaba Stadium,41733,Africa,South Africa,Polokwane,Polokwane City FC,"[-23.92480585, 29.467960090979837]"
329,Estadio Gigante de Arroyito,41654,South America,Argentina,Rosario,Rosario Central,"[-32.91402295, -60.67449898772189]"
330,Estadio Cachamay,41600,South America,Venezuela,Ciudad Guayana,"Atlético Club Mineros de Guayana, AC Minervén FC","[8.3126855, -62.69633953138717]"
331,Estadio de Liga Deportiva Universitaria,41596,South America,Ecuador,Quito,LDU,"[-0.1077231, -78.48907681031837]"
332,Allianz Stadium,41507,Europe,Italy,"Turin, Piedmont",Juventus FC,"[45.10957585, 7.642133800336913]"
333,Sapporo Dome,41484,East Asia,Japan,"Sapporo, Hokkaido",Hokkaido Consadole Sapporo,"[43.0147798, 141.40974344269986]"
334,Stamford Bridge,41663,Europe,England,London,Chelsea,"[51.481686499999995, -0.19103517666346065]"
335,Goyang Stadium,41311,East Asia,South Korea,Goyang,No team,"[37.676484900000005, 126.74315379396498]"
336,Estadio Hernando Siles,41143,South America,Bolivia,La Paz,"La Paz FC, Club Bolívar, The Strongest","[-16.4994503, -68.12285323599266]"
337,Bingu National Stadium,41100,Africa,Malawi,Lilongwe,"Flames, Big Bullets FC","[-13.9438618, 33.75319690123182]"
338,Mbombela Stadium,40929,Africa,South Africa,"Nelspruit, Mpumalanga",No team,"[-25.4617294, 30.92968989749547]"
339,Estadio José Pachencho Romero,40800,South America,Venezuela,Maracaibo,"Deportivo JBL del Zulia, Deportivo Rayo Zuliano","[10.6740483, -71.64499904903353]"
340,Stade Nelson Mandela,40784,Africa,Algeria,Algiers,Algeria national football team,"[36.69394285, 3.1220307427342995]"
341,Kashima Football Stadium,40728,East Asia,Japan,"Kashima, Ibaraki",Kashima Antlers,"[35.9920049, 140.64036786659403]"
342,Baba Yara Stadium,40528,Africa,Ghana,Kumasi,"Asante Kotoko, King Faisal Babes","[6.68217, -1.6050641735932292]"
343,Estádio Major Antônio Couto Pereira,40502,South America,Brazil,"Curitiba, Paraná",Coritiba Foot Ball Club,"[-25.421437599999997, -49.25975668262751]"
344,Stage Front Stadium,40500,Europe,Spain,Barcelona,RCD Espanyol,"[41.347806899999995, 2.0748014131227706]"
345,Estadio Metropolitano de fútbol de Lara,40312,South America,Venezuela,Barquisimeto,Unión Lara,Location not found
346,Estadio Malvinas Argentinas,40268,South America,Argentina,Mendoza,Godoy Cruz Antonio Tomba,"[-32.8896213, -68.87990046530734]"
347,Stadion Lukas Enembe,40263,Southeast Asia,Indonesia,Nolokla,Persipura Jayapura,"[-2.5789948000000003, 140.57348337584483]"
348,Gwangju World Cup Stadium,40245,East Asia,South Korea,Gwangju,Gwangju FC,"[35.133695, 126.87498720743578]"
349,Sân vận động Quốc gia Mỹ Đình,40192,Southeast Asia,Vietnam,Hanoi,Vietnam national football team,"[21.02050265, 105.76392711668353]"
350,Goodison Park,40157,Europe,England,"Liverpool, North West",Everton FC,Location not found
351,Estádio Governador João Castelo,40149,South America,Brazil,"São Luís, Maranhão","Sampaio Corrêa FC, Moto Club SL, Maranhão AC","[-2.54875695, -44.260951338681295]"
352,Stade Miloud-Hadefi,40143,Africa,Algeria,Oran,"Algeria national football team, MC Oran","[35.728531149999995, -0.5494977814500405]"
353,Estadio Campeón del Siglo,40005,South America,Uruguay,Montevideo,Club Atlético Peñarol,"[-34.79792835, -56.066255237984066]"
354,Metalist Stadium,40003,Europe,Ukraine,Kharkiv,"FC Metalist Kharkiv, FC Shakhtar Donetsk","[49.980863, 36.26157596317647]"
355,Al-Janoub Stadium,40000,West Asia,Qatar,Al-Wakrah,No team,"[25.15970785, 51.57422710207068]"
356,Al-Thumama Stadium,40000,West Asia,Qatar,Al-Thumama,No team,"[25.2245513, 51.547948]"
357,Stade Ahmed-Zabana,40000,Africa,Algeria,Oran,MC Oran,"[35.683357, -0.6365156098334046]"
358,Stadion Batakan,40000,Southeast Asia,Indonesia,"Balikpapan, East Kalimantan",Persiba Balikpapan,"[-1.2331501, 116.94331884420521]"
359,Stadion Gelora Joko Samudro,40000,Southeast Asia,Indonesia,"Gresik, East Java",Gresik United,Location not found
360,Fisht Olympic Stadium,40000,Europe,Russia,Sochi,No team,Location not found
361,Rentschler Field,40000,North America,United States,"East Hartford, Connecticut",No team,"[41.7596149, -72.61883690516794]"
362,Jawaharlal Nehru Stadium,40000,South Asia,India,Kochi,"Kerala Blasters, India national football team",Location not found
363,Hang Jebat Stadium,40000,Southeast Asia,Malaysia,Malacca,Melaka United,"[2.2885304499999997, 102.23303172084889]"
364,Hong Kong Stadium,40000,East Asia,Hong Kong,So Kon Po,South China AA,"[22.27314255, 114.18865230926363]"
365,Stadium Negeri Pulau Pinang,40000,Southeast Asia,Malaysia,Batu Kawan,Penang FA,"[5.2614822, 100.43635413469647]"
366,Accra Sports Stadium,40000,Africa,Ghana,Accra,"Accra Hearts of Oak SC, Great Olympics","[5.5515153, -0.192335142020282]"
367,Sarawak Stadium,40000,Southeast Asia,Malaysia,Kuching,Sarawak FA,"[1.5885232500000002, 110.35934363025754]"
368,Bogyoke Aung San Stadium,40000,Southeast Asia,Myanmar,Yangon,Yangon United FC,"[16.7838408, 96.16062291549233]"
369,Resonac Dome Ōita,40000,East Asia,Japan,Ōita,Ōita Trinita,"[33.20078235, 131.65748521324446]"
370,Stadium Darul Makmur,40000,Southeast Asia,Malaysia,Kuantan,Pahang FA,"[3.8153887500000003, 103.32366081145281]"
371,Khalifa International Stadium,40000,West Asia,Qatar,Doha,Qatar national football team,Location not found
372,Stade de l’Amitié sino-gabonaise,40000,Africa,Gabon,Libreville,Gabon national football team,"[0.5218802, 9.392935904996314]"
373,Peoples Football Stadium,40000,South Asia,Pakistan,Karachi,Pakistan national football team,"[24.8582424, 66.9875836]"
374,JRD Tata Sports Complex Stadium,40000,South Asia,India,Jamshedpur,"Jamshedpur FC, Tata Football Academy","[22.80602985, 86.19352970848112]"
375,Bao'an Stadium,40000,East Asia,China,"Shenzhen, Guangdong",No team,"[22.5632358, 113.8764671]"
376,Kunming Tuodong Sports Centre Stadium,40000,East Asia,China,"Kunming, Yunnan",China national football team,Location not found
377,Taizhou Sports Centre Stadium,40000,East Asia,China,"Taizhou, Zhejiang",No team,"[28.6496194, 121.39537897875175]"
378,Wuhu Olympic Stadium,40000,East Asia,China,"Wuhu, Anhui",No team,Location not found
379,Huizhou Olympic Stadium,40000,East Asia,China,"Huizhou, Guangdong",No team,"[23.03555805, 114.44152011468373]"
